insert into users values ('000001','vihan97@gmail.com','1997-12-05','vihan','melaka');
insert into users values ('000002','tharaka.17@cse.mrt.ac.lk','2001-10-28','tharaka','rathnayeka');
insert into users values ('000003','sumanapala@gmail.com','1965-04-18','sumanapala','carolis');
insert into users values ('000004','krishi@yahoo.com','1997-06-17','krishi','kanna');
insert into users values ('000005','ranuli@gmail.com','2010-08-05','ranuli','pehara');
insert into contact_no values ('000001','0775688616');
insert into contact_no values ('000002','0716411123');
insert into contact_no values ('000003','0776789123');
insert into contact_no values ('000004','0778897862');
insert into contact_no values ('000005','0112897826');
insert into contact_no values ('000005','0718267703');
insert into contact_no values ('000002','0775789245');
insert into account_type values ('1','12','0.0','children');
insert into account_type values ('2','11','500.00','teen');
insert into account_type values ('3','10','1000.00','adult');
insert into account_type values ('4','13','1000.00','senior');
insert into account_type values ('5','7','5000.00','joint');
insert into account values ('12345','3','120000.00');
insert into account values ('99211','1','3950.50');
insert into account values ('23908','4','60450.00');
insert into account values ('89999','2','6100.00');
insert into account values ('45699','5','2110000.00');
insert into account values ('00897','3','56000.00');
insert into own_by values ('45699','000001');
insert into own_by values ('45699','000002');
insert into own_by values ('12345','000001');
insert into own_by values ('99211','000005');
insert into own_by values ('23908','000003');
insert into own_by values ('89999','000002');
insert into own_by values ('00897','000004');
insert into fd_type values ('1','3','6 months');
insert into fd_type values ('2','2','1 year');
insert into fd_type values ('3','1','5 year');
insert into fixed_deposit values ('788880','89999','1');
insert into fixed_deposit values ('170387','12345','3');
insert into deposits values ('55567','2019-04-14','5000.00');
insert into deposits values ('24000','2019-07-21','10000.00');
insert into makes_deposit values ('12345','24000');
insert into makes_deposit values ('89999','55567');
insert into withdrawls values ('3456','2018-03-04','1000.00');
insert into withdrawls values ('0987','2019-09-20','500.00');
insert into makes_withdrawl values ('99211','0987');
insert into makes_withdrawl values ('45699','3456');
insert into mobileT values ('7658','2018-02-04','17000.00','123');
insert into mobileT values ('1487','2019-12-31','200.00','678');
insert into makes_mobileT values ('23908','1487');
insert into makes_mobileT values ('12345','7658');
insert into mobile_unit values ('199','123','50000');
insert into mobile_unit values ('100','678','60000');
insert into mobile_unit values ('150','456','80000');
insert into mobile_banking_account values ('5555','000001','100','vihan');
insert into mobile_banking_account values ('3333','000002','100','tharaka');
insert into mobile_banking_account values ('5544','000003','150','sumanapala');
insert into mobile_banking_account values ('2255','000004','199','krishi');